,pred
0,26
1,30
2,34
3,43
4,59
5,114
6,119
7,110
8,33
9,28
10,48
11,12
12,14
13,15
14,18
15,34
16,90
17,89
18,72
19,15
20,13
21,20
22,7
23,8
24,8
25,9
26,14
27,65
28,71
29,48
30,9
31,8
32,8
33,4
34,4
35,5
36,5
37,7
38,28
39,37
40,28
41,5
42,4
43,5
44,12
45,5
46,5
47,4
48,5
49,7
50,12
51,11
52,13
53,5
54,5
55,5
56,12
57,22
58,22
59,23
60,28
61,28
62,11
63,12
64,16
65,27
66,28
67,29
68,21
69,71
70,75
71,140
72,137
73,134
74,23
75,20
76,24
77,140
78,137
79,140
80,131
81,295
82,313
83,395
84,394
85,378
86,194
87,140
88,210
89,373
90,322
91,378
92,194
93,414
94,595
95,618
96,614
97,603
98,230
99,199
100,282
101,589
102,610
103,600
104,267
105,204
106,331
107,334
108,315
109,294
110,265
111,259
112,283
113,311
114,313
115,311
116,471
117,134
118,183
119,188
120,190
121,299
122,430
123,420
124,351
125,190
126,177
127,200
128,510
129,190
130,213
131,227
132,233
133,301
134,469
135,452
136,344
137,232
138,220
139,238
140,550
141,235
142,243
143,256
144,284
145,337
146,491
147,473
148,368
149,272
150,285
151,285
152,581
153,154
154,247
155,250
156,285
157,350
158,504
159,510
160,362
161,271
162,284
163,283
164,548
165,150
166,229
167,264
168,270
169,364
170,501
171,506
172,364
173,261
174,272
175,273
176,553
177,228
178,272
179,256
180,268
181,367
182,498
183,517
184,352
185,263
186,273
187,266
188,541
189,354
190,398
191,322
192,396
193,470
194,554
195,528
196,444
197,392
198,404
199,400
200,607
201,739
202,755
203,652
204,769
205,764
206,602
207,609
208,615
209,753
210,770
211,794
212,592
213,714
214,732
215,654
216,763
217,779
218,598
219,604
220,610
221,750
222,794
223,795
224,348
225,506
226,512
227,389
228,509
229,522
230,368
231,367
232,378
233,490
234,523
235,515
236,290
237,351
238,366
239,291
240,362
241,375
242,317
243,297
244,312
245,309
246,325
247,380
248,187
249,252
250,261
251,239
252,230
253,268
254,247
255,173
256,247
257,105
258,270
259,265
260,130
261,147
262,166
263,208
264,230
265,234
266,223
267,120
268,180
269,137
270,227
271,231
272,74
273,86
274,87
275,89
276,127
277,157
278,159
279,71
280,96
281,55
282,97
283,126
284,62
285,117
286,121
287,34
288,32
289,34
290,44
291,62
292,120
293,119
294,39
295,37
296,30
297,46
298,60
299,127
300,122
301,36
302,31
303,34
304,47
305,62
306,115
307,121
308,39
309,33
310,35
311,47
312,62
313,112
314,34
315,86
316,95
317,12
318,13
319,16
320,19
321,33
322,92
323,94
324,15
325,16
326,17
327,21
328,29
329,91
330,94
331,13
332,14
333,17
334,19
335,30
336,90
337,91
338,16
339,13
340,16
341,22
342,33
343,76
344,20
345,69
346,73
347,9
348,8
349,7
350,10
351,19
352,61
353,74
354,8
355,8
356,7
357,8
358,16
359,70
360,79
361,10
362,8
363,8
364,8
365,17
366,63
367,78
368,9
369,9
370,8
371,8
372,21
373,68
374,7
375,26
376,36
377,4
378,3
379,4
380,6
381,8
382,35
383,37
384,5
385,4
386,4
387,5
388,7
389,29
390,36
391,4
392,5
393,5
394,5
395,8
396,31
397,38
398,5
399,4
400,4
401,6
402,8
403,31
404,7
405,11
406,12
407,5
408,4
409,4
410,4
411,7
412,12
413,13
414,5
415,5
416,5
417,5
418,6
419,12
420,13
421,5
422,5
423,5
424,5
425,8
426,11
427,11
428,5
429,4
430,5
431,6
432,8
433,11
434,28
435,11
436,12
437,27
438,22
439,30
440,30
441,29
442,14
443,13
444,27
445,22
446,29
447,28
448,29
449,13
450,14
451,22
452,26
453,29
454,29
455,28
456,11
457,13
458,27
459,27
460,29
461,29
462,28
463,11
464,79
465,21
466,18
467,139
468,138
469,138
470,137
471,135
472,25
473,21
474,140
475,137
476,140
477,140
478,136
479,25
480,19
481,73
482,136
483,137
484,137
485,133
486,27
487,22
488,140
489,139
490,140
491,140
492,133
493,26
494,377
495,190
496,128
497,376
498,372
499,397
500,392
501,395
502,208
503,146
504,384
505,299
506,378
507,378
508,390
509,197
510,137
511,280
512,377
513,379
514,382
515,390
516,199
517,157
518,372
519,375
520,376
521,392
522,392
523,199
524,597
525,220
526,197
527,584
528,611
529,620
530,622
531,617
532,256
533,213
534,587
535,587
536,601
537,598
538,608
539,227
540,192
541,592
542,600
543,605
544,608
545,605
546,257
547,220
548,583
549,592
550,596
551,605
552,606
553,222
554,292
555,267
556,265
557,309
558,310
559,338
560,335
561,332
562,304
563,270
564,327
565,305
566,307
567,314
568,314
569,298
570,245
571,307
572,332
573,331
574,317
575,337
576,297
577,270
578,313
579,314
580,311
581,318
582,338
583,264
584,285
585,482
586,461
587,191
588,173
589,195
590,191
591,327
592,497
593,448
594,196
595,138
596,181
597,185
598,318
599,496
600,421
601,133
602,190
603,199
604,200
605,328
606,466
607,448
608,196
609,193
610,203
611,200
612,331
613,494
614,301
615,523
616,511
617,224
618,210
619,232
620,233
621,333
622,558
623,481
624,220
625,149
626,219
627,230
628,329
629,571
630,497
631,181
632,230
633,239
634,240
635,332
636,521
637,485
638,228
639,231
640,239
641,244
642,332
643,546
644,327
645,574
646,550
647,263
648,251
649,275
650,282
651,369
652,569
653,532
654,269
655,162
656,259
657,260
658,368
659,611
660,545
661,159
662,281
663,284
664,285
665,366
666,550
667,525
668,263
669,266
670,272
671,274
672,370
673,569
674,334
675,612
676,582
677,263
678,261
679,274
680,269
681,377
682,577
683,539
684,261
685,166
686,257
687,279
688,377
689,629
690,565
691,243
692,283
693,283
694,284
695,378
696,586
697,534
698,273
699,266
700,270
701,279
702,376
703,582
704,302
705,609
706,561
707,250
708,242
709,263
710,265
711,378
712,581
713,544
714,251
715,150
716,249
717,264
718,380
719,620
720,576
721,231
722,271
723,274
724,272
725,382
726,582
727,519
728,266
729,255
730,266
731,263
732,382
733,583
734,310
735,622
736,596
737,260
738,242
739,264
740,273
741,392
742,564
743,536
744,265
745,157
746,260
747,265
748,391
749,603
750,562
751,232
752,273
753,273
754,274
755,389
756,563
757,533
758,262
759,261
760,262
761,266
762,385
763,581
764,385
765,585
766,547
767,380
768,392
769,401
770,405
771,473
772,568
773,534
774,359
775,305
776,396
777,397
778,471
779,594
780,540
781,350
782,397
783,403
784,406
785,474
786,564
787,532
788,386
789,395
790,396
791,408
792,470
793,571
794,680
795,544
796,591
797,718
798,733
799,737
800,783
801,790
802,613
803,608
804,751
805,515
806,751
807,787
808,774
809,603
810,539
811,698
812,775
813,770
814,773
815,784
816,612
817,612
818,749
819,755
820,755
821,791
822,789
823,615
824,406
825,532
826,583
827,723
828,748
829,659
830,755
831,786
832,606
833,606
834,768
835,620
836,752
837,797
838,784
839,598
840,530
841,711
842,779
843,774
844,796
845,774
846,605
847,607
848,752
849,759
850,771
851,790
852,773
853,609
854,276
855,382
856,361
857,456
858,495
859,445
860,504
861,513
862,383
863,360
864,461
865,425
866,477
867,517
868,514
869,375
870,364
871,456
872,521
873,510
874,514
875,461
876,383
877,362
878,465
879,509
880,486
881,499
882,520
883,383
884,201
885,323
886,297
887,355
888,345
889,340
890,386
891,376
892,328
893,298
894,342
895,318
896,385
897,385
898,380
899,315
900,293
901,323
902,370
903,384
904,383
905,357
906,328
907,299
908,362
909,376
910,385
911,384
912,380
913,318
914,231
915,261
916,208
917,239
918,237
919,240
920,257
921,267
922,259
923,210
924,240
925,247
926,255
927,265
928,269
929,247
930,207
931,243
932,260
933,268
934,263
935,233
936,261
937,210
938,237
939,261
940,269
941,264
942,252
943,257
944,90
945,230
946,136
947,137
948,176
949,206
950,229
951,234
952,239
953,161
954,163
955,145
956,199
957,226
958,233
959,216
960,155
961,148
962,164
963,226
964,230
965,234
966,240
967,166
968,143
969,179
970,226
971,229
972,198
973,238
974,145
975,172
976,85
977,83
978,84
979,88
980,133
981,171
982,172
983,92
984,90
985,70
986,102
987,127
988,163
989,160
990,84
991,72
992,87
993,101
994,134
995,159
996,172
997,93
998,99
999,98
1000,107
1001,137
1002,145
1003,169
1004,116
1005,41
1006,36
1007,115
1008,47
1009,63
1010,116
1011,120
1012,28
1013,35
1014,32
1015,45
1016,61
1017,118
1018,113
1019,31
1020,30
1021,41
1022,46
1023,55
1024,103
1025,123
1026,29
1027,38
1028,39
1029,46
1030,62
1031,118
1032,114
1033,39
1034,32
1035,93
1036,14
1037,16
1038,83
1039,20
1040,33
1041,88
1042,94
1043,13
1044,15
1045,16
1046,22
1047,34
1048,87
1049,81
1050,15
1051,15
1052,16
1053,19
1054,31
1055,81
1056,80
1057,15
1058,15
1059,16
1060,22
1061,32
1062,89
1063,92
1064,15
1065,15
1066,78
1067,10
1068,8
1069,52
1070,8
1071,19
1072,65
1073,76
1074,7
1075,9
1076,7
1077,8
1078,17
1079,68
1080,72
1081,10
1082,9
1083,8
1084,8
1085,14
1086,60
1087,74
1088,7
1089,9
1090,9
1091,8
1092,17
1093,70
1094,74
1095,9
1096,9
1097,36
1098,4
1099,4
1100,27
1101,5
1102,7
1103,33
1104,40
1105,3
1106,5
1107,4
1108,5
1109,8
1110,35
1111,35
1112,5
1113,4
1114,4
1115,5
1116,7
1117,27
1118,33
1119,4
1120,5
1121,5
1122,5
1123,8
1124,34
1125,37
1126,5
1127,5
1128,11
1129,5
1130,5
1131,11
1132,5
1133,8
1134,11
1135,10
1136,4
1137,6
1138,4
1139,6
1140,8
1141,11
1142,10
1143,6
1144,5
1145,5
1146,5
1147,6
1148,10
1149,13
1150,5
1151,5
1152,5
1153,6
1154,8
1155,11
1156,11
1157,5
1158,5
1159,12
1160,26
1161,27
1162,12
1163,28
1164,28
1165,12
1166,11
1167,26
1168,27
1169,29
1170,29
1171,28
1172,13
1173,11
1174,27
1175,27
1176,29
1177,28
1178,28
1179,12
1180,14
1181,26
1182,27
1183,29
1184,28
1185,28
1186,13
1187,13
1188,27
1189,27
1190,21
1191,139
1192,139
1193,26
1194,139
1195,136
1196,27
1197,22
1198,72
1199,136
1200,140
1201,140
1202,133
1203,24
1204,21
1205,140
1206,140
1207,140
1208,140
1209,133
1210,20
1211,19
1212,136
1213,140
1214,140
1215,140
1216,136
1217,28
1218,21
1219,140
1220,140
1221,158
1222,383
1223,384
1224,223
1225,390
1226,390
1227,236
1228,159
1229,302
1230,376
1231,382
1232,387
1233,384
1234,205
1235,162
1236,382
1237,375
1238,387
1239,376
1240,376
1241,190
1242,142
1243,380
1244,382
1245,375
1246,378
1247,389
1248,235
1249,157
1250,383
1251,372
1252,215
1253,583
1254,596
1255,291
1256,604
1257,601
1258,256
1259,217
1260,582
1261,594
1262,599
1263,604
1264,609
1265,224
1266,213
1267,589
1268,596
1269,606
1270,596
1271,598
1272,214
1273,204
1274,588
1275,589
1276,596
1277,596
1278,608
1279,255
1280,213
1281,589
1282,593
1283,266
1284,310
1285,317
1286,281
1287,312
1288,343
1289,299
1290,268
1291,308
1292,330
1293,327
1294,332
1295,343
1296,289
1297,265
1298,315
1299,311
1300,335
1301,310
1302,314
1303,256
1304,264
1305,325
1306,335
1307,312
1308,327
1309,343
1310,301
1311,263
1312,329
1313,331
1314,436
1315,196
1316,199
1317,339
1318,197
1319,332
1320,492
1321,444
1322,176
1323,198
1324,193
1325,200
1326,328
1327,444
1328,422
1329,199
1330,194
1331,202
1332,198
1333,299
1334,344
1335,426
1336,194
1337,194
1338,210
1339,192
1340,329
1341,473
1342,430
1343,186
1344,199
1345,486
1346,234
1347,244
1348,356
1349,240
1350,334
1351,539
1352,468
1353,220
1354,239
1355,226
1356,239
1357,330
1358,483
1359,476
1360,229
1361,229
1362,241
1363,239
1364,269
1365,420
1366,458
1367,222
1368,224
1369,244
1370,233
1371,332
1372,537
1373,469
1374,222
1375,238
1376,526
1377,284
1378,284
1379,377
1380,271
1381,370
1382,553
1383,520
1384,269
1385,284
1386,271
1387,284
1388,367
1389,499
1390,519
1391,283
1392,270
1393,284
1394,274
1395,288
1396,408
1397,498
1398,269
1399,265
1400,285
1401,277
1402,366
1403,551
1404,482
1405,269
1406,284
1407,534
1408,279
1409,287
1410,392
1411,279
1412,382
1413,579
1414,533
1415,264
1416,285
1417,268
1418,279
1419,374
1420,526
1421,535
1422,274
1423,284
1424,284
1425,284
1426,290
1427,423
1428,514
1429,268
1430,262
1431,283
1432,273
1433,376
1434,560
1435,518
1436,283
1437,273
1438,536
1439,270
1440,276
1441,389
1442,262
1443,381
1444,593
1445,543
1446,252
1447,272
1448,270
1449,270
1450,375
1451,554
1452,537
1453,272
1454,264
1455,261
1456,271
1457,296
1458,422
1459,501
1460,254
1461,255
1462,271
1463,265
1464,378
1465,572
1466,526
1467,270
1468,263
1469,535
1470,275
1471,264
1472,367
1473,264
1474,391
1475,597
1476,515
1477,255
1478,272
1479,267
1480,275
1481,387
1482,543
1483,529
1484,268
1485,274
1486,182
1487,272
1488,346
1489,391
1490,501
1491,275
1492,265
1493,272
1494,266
1495,393
1496,581
1497,534
1498,268
1499,272
1500,529
1501,384
1502,380
1503,450
1504,404
1505,474
1506,569
1507,511
1508,383
1509,398
1510,401
1511,405
1512,452
1513,453
1514,533
1515,303
1516,406
1517,395
1518,404
1519,387
1520,321
1521,519
1522,393
1523,392
1524,407
1525,397
1526,471
1527,566
1528,536
1529,384
1530,396
1531,610
1532,769
1533,782
1534,617
1535,793
1536,771
1537,613
1538,609
1539,787
1540,784
1541,785
1542,788
1543,784
1544,463
1545,605
1546,673
1547,768
1548,773
1549,774
1550,493
1551,335
1552,608
1553,766
1554,765
1555,771
1556,756
1557,775
1558,612
1559,611
1560,755
1561,781
1562,604
1563,789
1564,765
1565,615
1566,765
1567,782
1568,610
1569,605
1570,770
1571,673
1572,784
1573,779
1574,793
1575,527
1576,466
1577,760
1578,790
1579,757
1580,796
1581,661
1582,388
1583,605
1584,771
1585,758
1586,777
1587,760
1588,793
1589,604
1590,604
1591,746
1592,769
1593,363
1594,508
1595,492
1596,391
1597,488
1598,513
1599,382
1600,366
1601,514
1602,405
1603,517
1604,519
1605,520
1606,341
1607,324
1608,517
1609,508
1610,497
1611,515
1612,386
1613,325
1614,360
1615,506
1616,523
1617,516
1618,494
1619,520
1620,339
1621,367
1622,508
1623,409
1624,293
1625,359
1626,311
1627,329
1628,365
1629,375
1630,321
1631,294
1632,336
1633,218
1634,374
1635,383
1636,374
1637,287
1638,274
1639,354
1640,371
1641,375
1642,373
1643,216
1644,198
1645,292
1646,355
1647,371
1648,381
1649,377
1650,369
1651,287
1652,294
1653,361
1654,308
1655,213
1656,257
1657,243
1658,271
1659,264
1660,266
1661,257
1662,209
1663,249
1664,98
1665,265
1666,265
1667,269
1668,182
1669,201
1670,255
1671,265
1672,270
1673,109
1674,201
1675,154
1676,201
1677,251
1678,260
1679,268
1680,227
1681,268
1682,257
1683,208
1684,247
1685,250
1686,168
1687,169
1688,164
1689,236
1690,231
1691,230
1692,237
1693,134
1694,163
1695,156
1696,210
1697,230
1698,235
1699,231
1700,139
1701,172
1702,186
1703,225
1704,98
1705,217
1706,165
1707,141
1708,171
1709,176
1710,225
1711,207
1712,232
1713,238
1714,141
1715,146
1716,161
1717,84
1718,93
1719,82
1720,108
1721,133
1722,163
1723,168
1724,65
1725,84
1726,85
1727,97
1728,122
1729,162
1730,156
1731,89
1732,85
1733,94
1734,99
1735,85
1736,136
1737,152
1738,92
1739,92
1740,93
1741,96
1742,134
1743,163
1744,164
1745,86
1746,87
1747,87
1748,34
1749,47
1750,63
1751,109
1752,98
1753,32
1754,31
1755,31
1756,47
1757,62
1758,101
1759,118
1760,35
1761,37
1762,39
1763,45
1764,43
1765,112
1766,123
1767,29
1768,28
1769,31
1770,45
1771,61
1772,120
1773,107
1774,30
1775,30
1776,32
1777,45
1778,59
1779,16
1780,19
1781,29
1782,76
1783,81
1784,14
1785,15
1786,15
1787,19
1788,32
1789,78
1790,83
1791,18
1792,16
1793,19
1794,19
1795,21
1796,74
1797,85
1798,14
1799,14
1800,16
1801,19
1802,31
1803,78
1804,78
1805,14
1806,15
1807,16
1808,21
1809,29
1810,8
1811,8
1812,18
1813,68
1814,70
1815,9
1816,8
1817,7
1818,7
1819,20
1820,64
1821,74
1822,9
1823,8
1824,8
1825,8
1826,12
1827,64
1828,77
1829,7
1830,6
1831,8
1832,7
1833,18
1834,69
1835,70
1836,7
1837,8
1838,8
1839,7
1840,16
1841,5
1842,5
1843,8
1844,33
1845,37
1846,4
1847,5
1848,5
1849,6
1850,7
1851,32
1852,39
1853,5
1854,5
1855,6
1856,5
1857,6
1858,28
1859,41
1860,4
1861,4
1862,5
1863,5
1864,8
1865,34
1866,34
1867,4
1868,4
1869,5
1870,6
1871,7
1872,6
1873,6
1874,7
1875,11
1876,10
1877,6
1878,6
1879,6
1880,5
1881,7
1882,11
1883,11
1884,5
1885,6
1886,5
1887,6
1888,5
1889,11
1890,11
1891,6
1892,5
1893,6
1894,6
1895,7
1896,11
1897,9
1898,5
1899,5
1900,5
1901,6
1902,7
1903,28
1904,29
1905,29
1906,10
1907,12
1908,27
1909,27
1910,28
1911,28
1912,23
1913,12
1914,12
1915,27
1916,26
1917,29
1918,29
1919,23
1920,13
1921,15
1922,26
1923,27
1924,29
1925,29
1926,28
1927,13
1928,9
1929,27
1930,26
1931,29
1932,29
1933,28
1934,140
1935,140
1936,137
1937,26
1938,20
1939,136
1940,136
1941,137
1942,140
1943,75
1944,20
1945,21
1946,140
1947,77
1948,140
1949,140
1950,108
1951,23
1952,19
1953,136
1954,140
1955,140
1956,137
1957,133
1958,24
1959,17
1960,139
1961,137
1962,140
1963,140
1964,133
1965,382
1966,390
1967,393
1968,227
1969,156
1970,314
1971,374
1972,380
1973,379
1974,321
1975,202
1976,157
1977,379
1978,376
1979,378
1980,378
1981,350
1982,196
1983,151
1984,375
1985,389
1986,394
1987,386
1988,384
1989,203
1990,144
1991,383
1992,376
1993,390
1994,390
1995,380
1996,600
1997,606
1998,605
1999,247
2000,209
2001,589
2002,589
2003,607
2004,606
2005,427
2006,246
2007,217
2008,589
2009,592
2010,592
2011,600
2012,590
2013,254
2014,211
2015,598
2016,604
2017,609
2018,607
2019,608
2020,248
2021,213
2022,589
2023,586
2024,600
2025,608
2026,608
2027,330
2028,331
2029,321
2030,294
2031,262
2032,219
2033,327
2034,332
2035,316
2036,298
2037,288
2038,268
2039,329
2040,331
2041,314
2042,332
2043,296
2044,297
2045,265
2046,329
2047,333
2048,333
2049,331
2050,338
2051,296
2052,264
2053,326
2054,312
2055,317
2056,335
2057,318
2058,197
2059,201
2060,326
2061,463
2062,422
2063,190
2064,192
2065,194
2066,197
2067,277
2068,461
2069,460
2070,198
2071,197
2072,192
2073,200
2074,235
2075,491
2076,433
2077,183
2078,195
2079,199
2080,199
2081,328
2082,444
2083,410
2084,195
2085,195
2086,199
2087,201
2088,315
2089,237
2090,239
2091,331
2092,520
2093,451
2094,229
2095,224
2096,229
2097,241
2098,266
2099,482
2100,485
2101,233
2102,238
2103,226
2104,242
2105,241
2106,544
2107,420
2108,225
2109,239
2110,237
2111,239
2112,330
2113,500
2114,434
2115,229
2116,234
2117,240
2118,240
2119,337
2120,283
2121,284
2122,368
2123,532
2124,488
2125,270
2126,270
2127,271
2128,284
2129,334
2130,522
2131,523
2132,285
2133,283
2134,280
2135,284
2136,267
2137,569
2138,467
2139,263
2140,285
2141,285
2142,285
2143,366
2144,522
2145,443
2146,283
2147,273
2148,285
2149,284
2150,379
2151,284
2152,280
2153,376
2154,545
2155,499
2156,279
2157,269
2158,270
2159,284
2160,362
2161,530
2162,538
2163,284
2164,283
2165,269
2166,278
2167,272
2168,587
2169,444
2170,283
2171,285
2172,283
2173,284
2174,374
2175,545
2176,448
2177,283
2178,273
2179,285
2180,283
2181,387
2182,272
2183,272
2184,380
2185,543
2186,503
2187,271
2188,256
2189,252
2190,269
2191,365
2192,535
2193,533
2194,272
2195,270
2196,250
2197,271
2198,278
2199,580
2200,481
2201,273
2202,271
2203,271
2204,270
2205,377
2206,509
2207,451
2208,270
2209,261
2210,271
2211,271
2212,391
2213,273
2214,261
2215,393
2216,541
2217,512
2218,272
2219,273
2220,258
2221,270
2222,380
2223,553
2224,536
2225,272
2226,271
2227,267
2228,267
2229,287
2230,581
2231,515
2232,268
2233,273
2234,272
2235,273
2236,386
2237,479
2238,410
2239,265
2240,265
2241,275
2242,273
2243,400
2244,392
2245,405
2246,451
2247,562
2248,528
2249,392
2250,313
2251,370
2252,402
2253,466
2254,558
2255,538
2256,390
2257,398
2258,401
2259,404
2260,331
2261,569
2262,526
2263,388
2264,399
2265,321
2266,408
2267,450
2268,527
2269,310
2270,387
2271,395
2272,403
2273,407
2274,478
2275,789
2276,784
2277,762
2278,611
2279,609
2280,767
2281,750
2282,763
2283,784
2284,775
2285,553
2286,613
2287,787
2288,699
2289,767
2290,793
2291,528
2292,612
2293,485
2294,740
2295,774
2296,704
2297,788
2298,777
2299,516
2300,397
2301,782
2302,753
2303,785
2304,787
2305,789
2306,705
2307,778
2308,767
2309,604
2310,534
2311,772
2312,771
2313,777
2314,783
2315,763
2316,573
2317,608
2318,777
2319,767
2320,789
2321,776
2322,518
2323,609
2324,477
2325,650
2326,776
2327,681
2328,791
2329,772
2330,511
2331,384
2332,782
2333,782
2334,796
2335,778
2336,782
2337,514
2338,526
2339,495
2340,366
2341,322
2342,515
2343,488
2344,515
2345,526
2346,514
2347,327
2348,364
2349,513
2350,516
2351,527
2352,516
2353,342
2354,383
2355,343
2356,428
2357,377
2358,476
2359,521
2360,496
2361,343
2362,312
2363,505
2364,517
2365,524
2366,523
2367,524
2368,379
2369,377
2370,360
2371,319
2372,258
2373,357
2374,351
2375,383
2376,379
2377,379
2378,172
2379,293
2380,359
2381,371
2382,376
2383,380
2384,244
2385,321
2386,278
2387,266
2388,358
2389,371
2390,376
2391,359
2392,189
2393,253
2394,360
2395,369
2396,372
2397,374
2398,369
2399,261
2400,260
2401,249
2402,252
2403,199
2404,243
2405,246
2406,264
2407,249
2408,257
2409,150
2410,209
2411,245
2412,256
2413,260
2414,260
2415,165
2416,257
2417,180
2418,232
2419,257
2420,261
2421,263
2422,249
2423,217
2424,191
2425,242
2426,260
2427,263
2428,263
2429,259
2430,223
2431,229
2432,215
2433,220
2434,141
2435,151
2436,165
2437,222
2438,225
2439,211
2440,163
2441,160
2442,148
2443,178
2444,223
2445,229
2446,127
2447,242
2448,141
2449,139
2450,165
2451,225
2452,229
2453,230
2454,198
2455,128
2456,133
2457,187
2458,226
2459,232
2460,229
2461,91
2462,121
2463,162
2464,150
2465,93
2466,91
2467,84
2468,97
2469,131
2470,150
2471,148
2472,86
2473,87
2474,92
2475,94
2476,134
2477,99
2478,167
2479,87
2480,77
2481,86
2482,93
2483,127
2484,157
2485,142
2486,88
2487,84
2488,85
2489,94
2490,132
2491,166
2492,117
2493,114
2494,104
2495,30
2496,38
2497,38
2498,58
2499,107
2500,118
2501,35
2502,32
2503,39
2504,46
2505,58
2506,123
2507,119
2508,36
2509,23
2510,33
2511,41
2512,61
2513,105
2514,119
2515,45
2516,42
2517,34
2518,45
2519,56
2520,117
2521,106
2522,80
2523,79
2524,68
2525,14
2526,14
2527,17
2528,31
2529,71
2530,81
2531,13
2532,15
2533,13
2534,18
2535,31
2536,78
2537,84
2538,13
2539,10
2540,13
2541,17
2542,30
2543,72
2544,78
2545,13
2546,13
2547,14
2548,18
2549,30
2550,80
2551,81
2552,65
2553,76
2554,51
2555,9
2556,8
2557,8
2558,16
2559,60
2560,71
2561,11
2562,10
2563,8
2564,10
2565,18
2566,68
2567,75
2568,9
2569,5
2570,10
2571,10
2572,18
2573,61
2574,69
2575,11
2576,7
2577,9
2578,10
2579,15
2580,63
2581,67
2582,33
2583,36
2584,28
2585,4
2586,5
2587,5
2588,7
2589,32
2590,36
2591,4
2592,4
2593,6
2594,5
2595,7
2596,33
2597,37
2598,6
2599,4
2600,4
2601,7
2602,7
2603,27
2604,35
2605,4
2606,4
2607,4
2608,6
2609,6
2610,28
2611,35
2612,11
2613,10
2614,10
2615,5
2616,6
2617,6
2618,7
2619,9
2620,11
2621,5
2622,5
2623,5
2624,6
2625,7
2626,11
2627,11
2628,6
2629,5
2630,4
2631,7
2632,7
2633,10
2634,10
2635,6
2636,4
2637,5
2638,5
2639,6
2640,10
2641,10
2642,12
2643,11
2644,11
2645,26
2646,28
2647,28
2648,28
2649,10
2650,12
2651,27
2652,27
2653,30
2654,29
2655,29
2656,13
2657,12
2658,28
2659,26
2660,28
2661,29
2662,29
2663,12
2664,10
2665,27
2666,27
2667,29
2668,29
2669,28
2670,10
2671,11
2672,26
2673,18
2674,24
2675,137
2676,140
2677,137
2678,136
2679,22
2680,18
2681,139
2682,137
2683,139
2684,139
2685,136
2686,24
2687,19
2688,138
2689,136
2690,139
2691,135
2692,135
2693,21
2694,19
2695,137
2696,136
2697,140
2698,140
2699,132
2700,24
2701,18
2702,238
2703,149
2704,220
2705,371
2706,368
2707,381
2708,388
2709,202
2710,137
2711,376
2712,391
2713,396
2714,394
2715,381
2716,199
2717,129
2718,388
2719,357
2720,384
2721,393
2722,394
2723,195
2724,123
2725,382
2726,379
2727,392
2728,394
2729,362
2730,183
2731,128
2732,258
2733,214
2734,279
2735,587
2736,600
2737,439
2738,605
2739,247
2740,194
2741,586
2742,608
2743,618
2744,620
2745,608
2746,223
2747,192
2748,600
2749,579
2750,611
2751,634
2752,614
2753,225
2754,184
2755,608
2756,616
2757,603
2758,614
2759,615
2760,207
2761,188
2762,297
2763,263
2764,277
2765,308
2766,311
2767,224
2768,316
2769,288
2770,257
2771,310
2772,335
2773,331
2774,334
2775,291
2776,304
2777,250
2778,329
2779,304
2780,316
2781,337
2782,294
2783,294
2784,231
2785,315
2786,316
2787,316
2788,332
2789,296
2790,253
2791,240
2792,466
2793,419
2794,317
2795,185
2796,190
2797,147
2798,301
2799,428
2800,446
2801,188
2802,205
2803,190
2804,194
2805,307
2806,494
2807,460
2808,182
2809,148
2810,184
2811,190
2812,298
2813,444
2814,427
2815,178
2816,183
2817,182
2818,193
2819,268
2820,435
2821,436
2822,509
2823,448
2824,328
2825,216
2826,225
2827,163
2828,315
2829,480
2830,504
2831,220
2832,238
2833,234
2834,235
2835,315
2836,561
2837,507
2838,203
2839,209
2840,228
2841,234
2842,323
2843,527
2844,474
2845,221
2846,227
2847,226
2848,228
2849,299
2850,496
2851,504
2852,529
2853,466
2854,345
2855,268
2856,280
2857,250
2858,352
2859,510
2860,563
2861,263
2862,276
2863,279
2864,279
2865,363
2866,594
2867,561
2868,249
2869,165
2870,267
2871,275
2872,357
2873,540
2874,537
2875,267
2876,264
2877,273
2878,270
2879,364
2880,580
2881,540
2882,570
2883,473
2884,346
2885,271
2886,282
2887,254
2888,357
2889,530
2890,592
2891,270
2892,278
2893,279
2894,281
2895,368
2896,632
2897,575
2898,264
2899,246
2900,266
2901,275
2902,368
2903,532
2904,580
2905,265
2906,267
2907,278
2908,270
2909,376
2910,597
2911,568
2912,559
2913,471
2914,338
2915,261
2916,271
2917,261
2918,361
2919,531
2920,572
2921,258
2922,266
2923,268
2924,272
2925,379
2926,616
2927,589
2928,236
2929,147
2930,253
2931,265
2932,370
2933,552
2934,580
2935,263
2936,256
2937,263
2938,256
2939,372
2940,609
2941,569
2942,554
2943,468
2944,354
2945,262
2946,269
2947,271
2948,380
2949,365
2950,571
2951,258
2952,269
2953,273
2954,273
2955,386
2956,626
2957,575
2958,237
2959,148
2960,264
2961,269
2962,383
2963,535
2964,577
2965,264
2966,259
2967,264
2968,257
2969,379
2970,606
2971,581
2972,561
2973,514
2974,442
2975,382
2976,388
2977,393
2978,466
2979,307
2980,553
2981,386
2982,404
2983,404
2984,403
2985,449
2986,585
2987,551
2988,355
2989,240
2990,396
2991,407
2992,470
2993,556
2994,543
2995,385
2996,392
2997,394
2998,371
2999,451
3000,582
3001,553
3002,605
3003,609
3004,614
3005,748
3006,772
3007,775
3008,756
3009,374
3010,589
3011,740
3012,744
3013,747
3014,794
3015,788
3016,534
3017,539
3018,722
3019,424
3020,741
3021,759
3022,739
3023,610
3024,499
3025,694
3026,750
3027,773
3028,738
3029,733
3030,526
3031,525
3032,599
3033,596
3034,613
3035,763
3036,770
3037,779
3038,763
3039,376
3040,529
3041,734
3042,761
3043,762
3044,755
3045,786
3046,519
3047,518
3048,699
3049,513
3050,694
3051,741
3052,748
3053,606
3054,480
3055,652
3056,757
3057,789
3058,751
3059,749
3060,487
3061,465
3062,324
3063,318
3064,370
3065,512
3066,515
3067,501
3068,514
3069,250
3070,362
3071,477
3072,499
3073,509
3074,520
3075,524
3076,379
3077,359
3078,455
3079,370
3080,467
3081,505
3082,512
3083,385
3084,323
3085,435
3086,503
3087,523
3088,524
3089,409
3090,326
3091,199
3092,268
3093,253
3094,303
3095,373
3096,319
3097,356
3098,377
3099,259
3100,292
3101,353
3102,345
3103,367
3104,367
3105,370
3106,317
3107,289
3108,320
3109,277
3110,318
3111,352
3112,367
3113,323
3114,244
3115,306
3116,362
3117,381
3118,354
3119,303
3120,250
3121,156
3122,95
3123,200
3124,247
3125,248
3126,251
3127,172
3128,255
3129,218
3130,204
3131,234
3132,246
3133,257
3134,260
3135,254
3136,239
3137,206
3138,195
3139,151
3140,197
3141,244
3142,252
3143,250
3144,179
3145,193
3146,247
3147,256
3148,198
3149,228
3150,225
3151,141
3152,170
3153,126
3154,143
3155,166
3156,219
3157,172
3158,225
3159,199
3160,143
3161,152
3162,176
3163,213
3164,226
3165,215
3166,229
3167,134
3168,125
3169,126
3170,195
3171,218
3172,226
3173,235
3174,147
3175,143
3176,162
3177,186
3178,162
3179,212
3180,204
3181,116
3182,159
3183,66
3184,87
3185,90
3186,88
3187,120
3188,148
3189,154
3190,79
3191,84
3192,84
3193,89
3194,129
3195,165
3196,167
3197,84
3198,52
3199,75
3200,79
3201,129
3202,147
3203,167
3204,80
3205,70
3206,88
3207,91
3208,94
3209,151
3210,161
3211,70
3212,53
3213,31
3214,24
3215,28
3216,58
3217,117
3218,82
3219,50
3220,19
3221,28
3222,45
3223,33
3224,63
3225,70
3226,34
3227,40
3228,22
3229,32
3230,57
3231,106
3232,85
3233,25
3234,28
3235,34
3236,44
3237,56
3238,103
3239,88
3240,24
3241,21
3242,13
3243,13
3244,13
3245,15
3246,31
3247,75
3248,71
3249,42
3250,8
3251,13
3252,18
3253,23
3254,57
3255,64
3256,13
3257,12
3258,11
3259,16
3260,29
3261,75
3262,68
3263,12
3264,12
3265,14
3266,18
3267,29
3268,74
3269,75
3270,10
3271,9
3272,9
3273,7
3274,7
3275,19
3276,64
3277,54
3278,37
3279,5
3280,7
3281,7
3282,14
3283,47
3284,53
3285,11
3286,8
3287,6
3288,9
3289,14
3290,53
3291,52
3292,6
3293,6
3294,8
3295,10
3296,14
3297,62
3298,67
3299,4
3300,7
3301,4
3302,4
3303,5
3304,7
3305,27
3306,34
3307,18
3308,4
3309,4
3310,4
3311,5
3312,17
3313,33
3314,4
3315,4
3316,4
3317,4
3318,7
3319,23
3320,32
3321,4
3322,6
3323,5
3324,5
3325,6
3326,27
3327,34
3328,4
3329,5
3330,5
3331,5
3332,5
3333,7
3334,10
3335,10
3336,7
3337,5
3338,4
3339,4
3340,5
3341,6
3342,9
3343,5
3344,4
3345,4
3346,4
3347,7
3348,10
3349,9
3350,4
3351,5
3352,5
3353,5
3354,6
3355,9
3356,10
3357,4
3358,27
3359,26
3360,29
3361,23
3362,29
3363,12
3364,10
3365,7
3366,25
3367,28
3368,27
3369,26
3370,6
3371,9
3372,26
3373,27
3374,26
3375,29
3376,28
3377,9
3378,10
3379,27
3380,27
3381,30
3382,28
3383,28
3384,10
3385,11
3386,22
3387,135
3388,75
3389,135
3390,77
3391,135
3392,21
3393,18
3394,19
3395,106
3396,134
3397,111
3398,94
3399,22
3400,15
3401,136
3402,132
3403,109
3404,135
3405,76
3406,22
3407,19
3408,109
3409,119
3410,138
3411,136
3412,132
3413,20
3414,18
3415,88
3416,378
3417,316
3418,360
3419,378
3420,394
3421,187
3422,114
3423,69
3424,327
3425,394
3426,331
3427,323
3428,63
3429,118
3430,362
3431,374
3432,331
3433,372
3434,303
3435,79
3436,75
3437,334
3438,372
3439,394
3440,380
3441,383
3442,174
3443,124
3444,293
3445,619
3446,429
3447,609
3448,607
3449,617
3450,210
3451,166
3452,118
3453,611
3454,624
3455,601
3456,640
3457,122
3458,183
3459,581
3460,633
3461,549
3462,625
3463,608
3464,208
3465,183
3466,629
3467,626
3468,618
3469,612
3470,605
3471,200
3472,184
3473,593
3474,333
3475,221
3476,312
3477,309
3478,321
3479,271
3480,170
3481,228
3482,303
3483,316
3484,301
3485,312
3486,234
3487,228
3488,209
3489,314
3490,325
3491,313
3492,295
3493,255
3494,228
3495,329
3496,330
3497,334
3498,311
3499,291
3500,245
3501,229
3502,273
3503,183
3504,141
3505,188
3506,179
3507,322
3508,436
3509,360
3510,265
3511,167
3512,183
3513,186
3514,291
3515,317
3516,420
3517,175
3518,179
3519,173
3520,168
3521,260
3522,438
3523,418
3524,181
3525,185
3526,178
3527,165
3528,259
3529,390
3530,392
3531,157
3532,222
3533,149
3534,226
3535,224
3536,332
3537,484
3538,382
3539,293
3540,195
3541,221
3542,223
3543,294
3544,429
3545,455
3546,200
3547,216
3548,205
3549,209
3550,267
3551,498
3552,468
3553,221
3554,232
3555,228
3556,189
3557,262
3558,475
3559,445
3560,167
3561,261
3562,239
3563,261
3564,270
3565,370
3566,592
3567,395
3568,352
3569,236
3570,267
3571,266
3572,321
3573,445
3574,527
3575,156
3576,248
3577,251
3578,258
3579,315
3580,557
3581,516
3582,276
3583,262
3584,273
3585,244
3586,287
3587,581
3588,441
3589,180
3590,260
3591,238
3592,257
3593,260
3594,370
3595,556
3596,410
3597,355
3598,237
3599,273
3600,269
3601,334
3602,487
3603,546
3604,233
3605,264
3606,253
3607,263
3608,303
3609,572
3610,556
3611,275
3612,263
3613,279
3614,243
3615,289
3616,607
3617,451
3618,93
3619,244
3620,247
3621,152
3622,245
3623,265
3624,382
3625,557
3626,412
3627,355
3628,237
3629,262
3630,261
3631,339
3632,504
3633,556
3634,219
3635,256
3636,242
3637,241
3638,357
3639,591
3640,569
3641,264
3642,267
3643,264
3644,251
3645,331
3646,602
3647,493
3648,93
3649,222
3650,247
3651,152
3652,255
3653,266
3654,392
3655,580
3656,342
3657,294
3658,236
3659,263
3660,265
3661,346
3662,558
3663,555
3664,241
3665,256
3666,242
3667,243
3668,348
3669,588
3670,536
3671,265
3672,267
3673,268
3674,261
3675,349
3676,531
3677,485
3678,85
3679,240
3680,359
3681,251
3682,374
3683,396
3684,470
3685,573
3686,145
3687,310
3688,349
3689,391
3690,389
3691,356
3692,523
3693,546
3694,371
3695,383
3696,390
3697,390
3698,362
3699,546
3700,532
3701,392
3702,398
3703,404
3704,394
3705,426
3706,524
3707,367
3708,106
3709,287
3710,581
3711,419
3712,736
3713,765
3714,765
3715,473
3716,158
3717,340
3718,602
3719,696
3720,630
3721,586
3722,350
3723,538
3724,686
3725,641
3726,639
3727,667
3728,618
3729,480
3730,483
3731,733
3732,741
3733,747
3734,725
3735,617
3736,487
3737,274
3738,182
3739,378
3740,576
3741,384
3742,742
3743,745
3744,737
3745,450
3746,150
3747,337
3748,579
3749,671
3750,584
3751,576
3752,342
3753,492
3754,491
3755,625
3756,620
3757,665
3758,550
3759,457
3760,475
3761,630
3762,729
3763,751
3764,552
3765,601
3766,477
3767,199
3768,189
3769,380
3770,432
3771,286
3772,521
3773,526
3774,493
3775,300
3776,205
3777,209
3778,386
3779,416
3780,370
3781,358
3782,286
3783,343
3784,252
3785,403
3786,396
3787,431
3788,377
3789,310
3790,310
3791,435
3792,511
3793,482
3794,382
3795,363
3796,300
3797,142
3798,391
3799,306
3800,250
3801,204
3802,376
3803,370
3804,339
3805,212
3806,159
3807,138
3808,275
3809,313
3810,261
3811,257
3812,161
3813,258
3814,282
3815,273
3816,287
3817,335
3818,298
3819,219
3820,223
3821,284
3822,350
3823,346
3824,263
3825,276
3826,233
3827,103
3828,169
3829,216
3830,217
3831,94
3832,244
3833,255
3834,250
3835,178
3836,116
3837,124
3838,178
3839,187
3840,186
3841,166
3842,145
3843,174
3844,208
3845,186
3846,177
3847,223
3848,194
3849,180
3850,136
3851,179
3852,243
3853,246
3854,159
3855,224
3856,213
3857,83
3858,132
3859,152
3860,122
3861,136
3862,220
3863,229
3864,202
3865,178
3866,101
3867,98
3868,140
3869,150
3870,134
3871,133
3872,130
3873,124
3874,125
3875,130
3876,122
3877,204
3878,194
3879,181
3880,128
3881,124
3882,161
3883,215
3884,208
3885,206
3886,196
3887,75
3888,110
3889,123
3890,56
3891,78
3892,88
3893,132
3894,151
3895,144
3896,57
3897,59
3898,73
3899,75
3900,113
3901,81
3902,122
3903,77
3904,67
3905,70
3906,67
3907,117
3908,138
3909,143
3910,69
3911,67
3912,83
3913,86
3914,117
3915,153
3916,129
3917,49
3918,57
3919,67
3920,24
3921,29
3922,64
3923,65
3924,21
3925,21
3926,22
3927,20
3928,29
3929,57
3930,62
3931,64
3932,25
3933,23
3934,23
3935,28
3936,63
3937,58
3938,22
3939,21
3940,21
3941,47
3942,29
3943,64
3944,54
3945,19
3946,21
3947,21
3948,23
3949,27
3950,12
3951,16
3952,50
3953,54
3954,9
3955,8
3956,9
3957,9
3958,16
3959,51
3960,60
3961,48
3962,11
3963,8
3964,9
3965,15
3966,54
3967,59
3968,10
3969,10
3970,10
3971,43
3972,14
3973,51
3974,52
3975,8
3976,10
3977,8
3978,8
3979,10
3980,5
3981,8
3982,46
3983,47
3984,4
3985,4
3986,5
3987,5
3988,8
3989,47
3990,43
3991,41
3992,5
3993,4
3994,4
3995,8
3996,42
3997,42
3998,5
3999,4
4000,4
4001,37
4002,8
4003,43
4004,40
4005,3
4006,4
4007,4
4008,4
4009,8
4010,5
4011,4
4012,20
4013,21
4014,4
4015,3
4016,3
4017,4
4018,20
4019,32
4020,18
4021,4
4022,3
4023,3
4024,4
4025,17
4026,23
4027,4
4028,4
4029,3
4030,14
4031,4
4032,17
4033,21
4034,3
4035,4
4036,3
4037,4
4038,4
4039,5
4040,5
4041,8
4042,4
4043,3
4044,3
4045,3
4046,4
4047,6
4048,8
4049,9
4050,4
4051,3
4052,4
4053,4
4054,5
4055,7
4056,4
4057,4
4058,4
4059,6
4060,4
4061,4
4062,7
4063,3
4064,4
4065,4
4066,3
4067,4
4068,24
4069,21
4070,5
4071,8
4072,20
4073,18
4074,19
4075,21
4076,22
4077,6
4078,7
4079,9
4080,21
4081,19
4082,21
4083,22
4084,6
4085,7
4086,24
4087,23
4088,22
4089,7
4090,21
4091,5
4092,6
4093,18
4094,21
4095,21
4096,20
4097,20
4098,101
4099,91
4100,21
4101,19
4102,91
4103,92
4104,91
4105,96
4106,90
4107,13
4108,14
4109,18
4110,84
4111,94
4112,92
4113,92
4114,13
4115,15
4116,107
4117,99
4118,88
4119,18
4120,85
4121,14
4122,13
4123,89
4124,86
4125,90
4126,90
4127,77
4128,318
4129,289
4130,68
4131,51
4132,285
4133,279
4134,295
4135,301
4136,277
4137,58
4138,67
4139,80
4140,292
4141,290
4142,292
4143,291
4144,53
4145,52
4146,318
4147,331
4148,287
4149,58
4150,276
4151,56
4152,50
4153,280
4154,280
4155,284
4156,282
4157,270
4158,549
4159,593
4160,116
4161,111
4162,470
4163,522
4164,484
4165,539
4166,592
4167,122
4168,114
4169,247
4170,496
4171,535
4172,476
4173,537
4174,111
4175,108
4176,542
4177,605
4178,510
4179,117
4180,500
4181,114
4182,99
4183,525
4184,505
4185,525
4186,520
4187,456
4188,228
4189,283
4190,218
4191,216
4192,264
4193,254
4194,264
4195,283
4196,282
4197,229
4198,208
4199,256
4200,180
4201,270
4202,280
4203,283
4204,230
4205,204
4206,278
4207,279
4208,272
4209,200
4210,271
4211,146
4212,125
4213,267
4214,269
4215,263
4216,261
4217,260
4218,145
4219,205
4220,266
4221,255
4222,148
4223,151
4224,143
4225,171
4226,187
4227,288
4228,282
4229,332
4230,90
4231,155
4232,157
4233,183
4234,269
4235,244
4236,162
4237,177
4238,172
4239,267
4240,176
4241,207
4242,194
4243,163
4244,91
4245,157
4246,145
4247,173
4248,145
4249,270
4250,277
4251,294
4252,166
4253,168
4254,153
4255,190
4256,214
4257,309
4258,422
4259,350
4260,141
4261,149
4262,159
4263,223
4264,328
4265,284
4266,172
4267,185
4268,176
4269,357
4270,212
4271,224
4272,218
4273,191
4274,88
4275,165
4276,188
4277,190
4278,154
4279,295
4280,290
4281,307
4282,190
4283,180
4284,157
4285,200
4286,301
4287,484
4288,520
4289,384
4290,163
4291,181
4292,174
4293,231
4294,348
4295,310
4296,180
4297,225
4298,252
4299,382
4300,297
4301,223
4302,226
4303,254
4304,90
4305,179
4306,191
4307,219
4308,180
4309,230
4310,290
4311,344
4312,187
4313,181
4314,156
4315,266
4316,312
4317,582
4318,552
4319,397
4320,170
4321,191
4322,183
4323,297
4324,433
4325,305
4326,248
4327,232
4328,255
4329,412
4330,312
4331,288
4332,223
4333,254
4334,89
4335,188
4336,197
4337,230
4338,180
4339,229
4340,286
4341,340
4342,184
4343,185
4344,155
4345,258
4346,312
4347,596
4348,583
4349,397
4350,182
4351,185
4352,178
4353,314
4354,434
4355,308
4356,239
4357,221
4358,258
4359,421
4360,334
4361,264
4362,255
4363,246
4364,91
4365,182
4366,185
4367,228
4368,186
4369,232
4370,287
4371,341
4372,193
4373,175
4374,158
4375,259
4376,330
4377,573
4378,561
4379,395
4380,194
4381,189
4382,180
4383,313
4384,430
4385,385
4386,243
4387,231
4388,254
4389,421
4390,332
4391,207
4392,250
4393,247
4394,142
4395,191
4396,189
4397,308
4398,238
4399,249
4400,269
4401,328
4402,239
4403,231
4404,200
4405,324
4406,358
4407,559
4408,530
4409,457
4410,240
4411,231
4412,223
4413,347
4414,335
4415,284
4416,301
4417,288
4418,322
4419,411
4420,368
4421,205
4422,235
4423,323
4424,166
4425,241
4426,241
4427,256
4428,330
4429,425
4430,243
4431,254
4432,368
4433,347
4434,318
4435,434
4436,548
4437,393
4438,476
4439,498
4440,356
4441,359
4442,357
4443,370
4444,276
4445,243
4446,542
4447,376
4448,439
4449,358
4450,566
4451,193
4452,187
4453,584
4454,268
4455,409
4456,411
4457,365
4458,377
4459,417
4460,213
4461,221
4462,368
4463,350
4464,320
4465,432
4466,544
4467,322
4468,459
4469,457
4470,367
4471,362
4472,358
4473,364
4474,221
4475,209
4476,377
4477,383
4478,568
4479,246
4480,549
4481,179
4482,163
4483,372
4484,253
4485,374
4486,357
4487,362
4488,307
4489,315
4490,203
4491,206
4492,282
4493,242
4494,238
4495,309
4496,285
4497,289
4498,304
4499,339
4500,258
4501,259
4502,286
4503,283
4504,201
4505,202
4506,303
4507,307
4508,318
4509,206
4510,365
4511,159
4512,167
4513,298
4514,223
4515,283
4516,249
4517,287
4518,213
4519,188
4520,155
4521,127
4522,183
4523,171
4524,187
4525,205
4526,196
4527,198
4528,205
4529,229
4530,168
4531,199
4532,213
4533,189
4534,159
4535,151
4536,215
4537,218
4538,214
4539,164
4540,270
4541,113
4542,116
4543,202
4544,165
4545,197
4546,178
4547,194
4548,155
4549,140
4550,139
4551,83
4552,116
4553,118
4554,127
4555,162
4556,163
4557,147
4558,130
4559,203
4560,123
4561,166
4562,148
4563,158
4564,124
4565,115
4566,143
4567,172
4568,171
4569,142
4570,190
4571,92
4572,94
4573,156
4574,105
4575,137
4576,120
4577,153
4578,124
4579,119
4580,112
4581,76
4582,94
4583,100
4584,98
4585,112
4586,121
4587,128
4588,116
4589,147
4590,90
4591,116
4592,109
4593,113
4594,106
4595,91
4596,107
4597,125
4598,118
4599,115
4600,158
4601,84
4602,91
4603,107
4604,89
4605,103
4606,109
4607,117
4608,75
4609,76
4610,78
4611,50
4612,52
4613,56
4614,53
4615,72
4616,76
4617,79
4618,70
4619,78
4620,49
4621,58
4622,71
4623,76
4624,74
4625,57
4626,60
4627,62
4628,68
4629,75
4630,119
4631,70
4632,48
4633,56
4634,50
4635,58
4636,74
4637,73
4638,62
4639,58
4640,23
4641,22
4642,34
4643,23
4644,25
4645,55
4646,64
4647,16
4648,30
4649,24
4650,23
4651,22
4652,64
4653,63
4654,18
4655,24
4656,24
4657,24
4658,28
4659,46
4660,50
4661,18
4662,36
4663,22
4664,17
4665,25
4666,45
4667,51
4668,17
4669,55
4670,54
4671,11
4672,12
4673,13
4674,8
4675,9
4676,53
4677,59
4678,9
4679,12
4680,9
4681,8
4682,10
4683,51
4684,54
4685,10
4686,12
4687,11
4688,12
4689,24
4690,44
4691,48
4692,8
4693,39
4694,7
4695,6
4696,9
4697,43
4698,44
4699,7
4700,44
4701,45
4702,7
4703,6
4704,10
4705,5
4706,8
4707,48
4708,48
4709,5
4710,7
4711,5
4712,5
4713,7
4714,44
4715,49
4716,5
4717,7
4718,4
4719,5
4720,14
4721,39
4722,36
4723,3
4724,33
4725,4
4726,4
4727,7
4728,36
4729,42
4730,3
4731,16
4732,23
4733,4
4734,4
4735,4
4736,3
4737,4
4738,21
4739,30
4740,4
4741,4
4742,3
4743,3
4744,3
4745,16
4746,28
4747,3
4748,4
4749,3
4750,3
4751,5
4752,17
4753,20
4754,2
4755,2
4756,2
4757,3
4758,15
4759,21
4760,2
4761,7
4762,7
4763,4
4764,4
4765,4
4766,2
4767,4
4768,7
4769,8
4770,4
4771,4
4772,3
4773,4
4774,3
4775,6
4776,8
4777,3
4778,4
4779,3
4780,3
4781,3
4782,5
4783,6
4784,7
4785,2
4786,2
4787,3
4788,6
4789,6
4790,2
4791,6
4792,7
4793,23
4794,26
4795,29
4796,18
4797,21
4798,7
4799,8
4800,26
4801,20
4802,20
4803,20
4804,19
4805,6
4806,8
4807,26
4808,27
4809,22
4810,22
4811,21
4812,4
4813,7
4814,17
4815,5
4816,17
4817,18
4818,19
4819,6
4820,5
4821,16
4822,13
4823,10
4824,107
4825,105
4826,71
4827,89
4828,84
4829,16
4830,13
4831,104
4832,93
4833,91
4834,92
4835,76
4836,12
4837,13
4838,104
4839,108
4840,90
4841,97
4842,90
4843,9
4844,6
4845,81
4846,7
4847,87
4848,88
4849,87
4850,8
4851,7
4852,81
4853,56
4854,49
4855,312
4856,368
4857,314
4858,294
4859,264
4860,73
4861,70
4862,308
4863,330
4864,284
4865,282
4866,270
4867,57
4868,70
4869,310
4870,328
4871,286
4872,301
4873,298
4874,34
4875,29
4876,257
4877,34
4878,260
4879,265
4880,258
4881,35
4882,28
4883,253
4884,107
4885,100
4886,593
4887,613
4888,622
4889,522
4890,455
4891,120
4892,107
4893,595
4894,537
4895,478
4896,523
4897,512
4898,118
4899,113
4900,534
4901,594
4902,509
4903,527
4904,496
4905,98
4906,82
4907,492
4908,93
4909,421
4910,510
4911,450
4912,96
4913,85
4914,467
4915,127
4916,126
4917,274
4918,327
4919,305
4920,258
4921,273
4922,197
4923,181
4924,298
4925,275
4926,260
4927,266
4928,260
4929,146
4930,192
4931,270
4932,274
4933,263
4934,276
4935,273
4936,130
4937,109
4938,232
4939,108
4940,198
4941,260
4942,260
4943,130
4944,109
4945,222
4946,192
4947,195
4948,175
4949,167
4950,175
4951,135
4952,159
4953,219
4954,200
4955,156
4956,159
4957,140
4958,154
4959,144
4960,253
4961,201
4962,160
4963,177
4964,153
4965,158
4966,170
4967,198
4968,172
4969,124
4970,192
4971,73
4972,134
4973,129
4974,146
4975,189
4976,99
4977,224
4978,214
4979,203
4980,207
4981,202
4982,146
4983,159
4984,236
4985,209
4986,130
4987,167
4988,153
4989,185
4990,163
4991,285
4992,213
4993,164
4994,210
4995,175
4996,154
4997,172
4998,217
4999,194
5000,115
5001,220
5002,73
5003,136
5004,145
5005,109
5006,202
5007,100
5008,230
5009,225
5010,266
5011,266
5012,247
5013,180
5014,179
5015,248
5016,223
5017,147
5018,170
5019,192
5020,190
5021,199
5022,310
5023,230
5024,169
5025,163
5026,183
5027,178
5028,175
5029,216
5030,257
5031,137
5032,225
5033,72
5034,148
5035,166
5036,110
5037,208
5038,110
5039,248
5040,312
5041,272
5042,249
5043,256
5044,180
5045,191
5046,247
5047,212
5048,147
5049,186
5050,192
5051,190
5052,199
5053,313
5054,248
5055,168
5056,261
5057,246
5058,171
5059,176
5060,264
5061,286
5062,74
5063,306
5064,73
5065,146
5066,166
5067,111
5068,209
5069,138
5070,292
5071,406
5072,262
5073,241
5074,250
5075,178
5076,185
5077,232
5078,230
5079,212
5080,181
5081,179
5082,183
5083,229
5084,320
5085,247
5086,164
5087,244
5088,238
5089,172
5090,173
5091,260
5092,314
5093,75
5094,302
5095,71
5096,134
5097,165
5098,185
5099,202
5100,144
5101,312
5102,412
5103,263
5104,244
5105,255
5106,185
5107,190
5108,380
5109,115
5110,214
5111,186
5112,182
5113,189
5114,223
5115,428
5116,231
5117,205
5118,246
5119,235
5120,168
5121,165
5122,222
5123,307
5124,73
5125,284
5126,80
5127,137
5128,178
5129,174
5130,196
5131,149
5132,284
5133,403
5134,384
5135,385
5136,324
5137,227
5138,216
5139,336
5140,126
5141,283
5142,233
5143,230
5144,238
5145,242
5146,303
5147,226
5148,153
5149,311
5150,298
5151,211
5152,195
5153,197
5154,293
5155,94
5156,265
5157,100
5158,178
5159,201
5160,190
5161,189
5162,173
5163,230
5164,169
5165,617
5166,626
5167,600
5168,343
5169,364
5170,230
5171,156
5172,439
5173,347
5174,341
5175,391
5176,363
5177,263
5178,223
5179,253
5180,392
5181,390
5182,355
5183,274
5184,187
5185,234
5186,167
5187,233
5188,178
5189,268
5190,255
5191,170
5192,173
5193,266
5194,212
5195,336
5196,600
5197,610
5198,579
5199,290
5200,363
5201,211
5202,152
5203,402
5204,348
5205,344
5206,388
5207,370
5208,223
5209,153
5210,275
5211,384
5212,379
5213,351
5214,270
5215,160
5216,181
5217,171
5218,200
5219,174
5220,255
5221,254
5222,161
5223,152
5224,257
5225,196
5226,199
5227,404
5228,387
5229,319
5230,237
5231,296
5232,202
5233,150
5234,388
5235,272
5236,244
5237,266
5238,284
5239,204
5240,193
5241,302
5242,300
5243,299
5244,239
5245,240
5246,139
5247,176
5248,193
5249,186
5250,170
5251,223
5252,223
5253,148
5254,201
5255,216
5256,158
5257,190
5258,261
5259,271
5260,188
5261,159
5262,185
5263,156
5264,123
5265,226
5266,189
5267,170
5268,197
5269,194
5270,158
5271,153
5272,214
5273,211
5274,216
5275,190
5276,160
5277,107
5278,123
5279,141
5280,139
5281,161
5282,155
5283,154
5284,116
5285,104
5286,158
5287,115
5288,122
5289,162
5290,181
5291,141
5292,110
5293,137
5294,122
5295,103
5296,123
5297,158
5298,120
5299,153
5300,136
5301,142
5302,107
5303,136
5304,167
5305,159
5306,128
5307,114
5308,81
5309,89
5310,99
5311,96
5312,110
5313,106
5314,107
5315,90
5316,74
5317,110
5318,101
5319,116
5320,126
5321,140
5322,106
5323,92
5324,109
5325,115
5326,84
5327,124
5328,105
5329,103
5330,110
5331,108
5332,118
5333,99
5334,120
5335,114
5336,121
5337,99
5338,91
5339,75
5340,80
5341,89
5342,96
5343,81
5344,83
5345,91
5346,84
5347,64
5348,95
5349,79
5350,66
5351,69
5352,68
5353,56
5354,65
5355,77
5356,90
5357,55
5358,59
5359,56
5360,55
5361,72
5362,73
5363,79
5364,57
5365,52
5366,66
5367,63
5368,80
5369,68
5370,67
5371,51
5372,48
5373,50
5374,49
5375,60
5376,68
5377,71
5378,39
5379,50
